{
    "per_class": {
        "MakeTopUpOperationScenarioUser": {
            "ratio": 1.0,
            "tasks": {
                "MakeTopUpOperationSequentialTaskSet": {
                    "ratio": 1.0,
                    "tasks": {
                        "create_user": {
                            "ratio": 0.16666666666666666
                        },
                        "open_debit_card_account": {
                            "ratio": 0.16666666666666666
                        },
                        "make_top_up_operation": {
                            "ratio": 0.16666666666666666
                        },
                        "get_operations": {
                            "ratio": 0.16666666666666666
                        },
                        "get_operations_summary": {
                            "ratio": 0.16666666666666666
                        },
                        "get_operation": {
                            "ratio": 0.16666666666666666
                        }
                    }
                }
            }
        }
    },
    "total": {
        "MakeTopUpOperationScenarioUser": {
            "ratio": 1.0,
            "tasks": {
                "MakeTopUpOperationSequentialTaskSet": {
                    "ratio": 1.0,
                    "tasks": {
                        "create_user": {
                            "ratio": 0.16666666666666666
                        },
                        "open_debit_card_account": {
                            "ratio": 0.16666666666666666
                        },
                        "make_top_up_operation": {
                            "ratio": 0.16666666666666666
                        },
                        "get_operations": {
                            "ratio": 0.16666666666666666
                        },
                        "get_operations_summary": {
                            "ratio": 0.16666666666666666
                        },
                        "get_operation": {
                            "ratio": 0.16666666666666666
                        }
                    }
                }
            }
        }
    }
}
